,index,propertyCode,thumbnail,numPhotos,price,propertyType,operation,size,rooms,bathrooms,address,province,municipality,country,latitude,longitude,showAddress,url,distance,description,hasVideo,status,newDevelopment,priceByArea,detailedType,suggestedTexts,hasPlan,has3DTour,has360,hasStaging,highlight,superTopHighlight,topNewDevelopment,externalReference,floor,exterior,district,neighborhood,hasLift,parkingSpace,labels
0,0,102839647,https://img3.idealista.com/blur/WEB_LISTING/0/id.pro.es.image.master/57/3e/a2/1169056872.jpg,18,19000.0,chalet,sale,121.0,3,1,vallejo,Guadalajara,Horche,es,40.5642523,-3.0651656,False,https://www.idealista.com/inmueble/102839647/,53735,"Agencia inmobiliaria de Yebes zona VALDELUZ - HORCHE - CHILOECHES Oficina Tecnocasa situada en C/ Encina nº2 (Valdeluz): EN VENTA: CASA ADOSADA a reformar, situada en pleno centro de Horche, rodeado de todo tipo de servicios a su alrededor como supermercados, transporte publico, rápida salida a la autovía A2 y N-320, bancos, pequeños comercios, colegio, farmacia, centro de salud, zonas verdes, parking, etc. Cabe destacar la proximidad del municipio al Hospital Universitario de Guadalajara y al centro comercial. Se encuentra a 8 minutos de Guadalajara Capital y a 35 minutos de Madrid por lo que su ubicación es excelente. - En planta baja nos encontramos un hall recibidor, dos habitaciones una de ellas con baño. - En planta primera nos encontramos con una cocina con ventana, salón. - En planta ultima nos encontramos con una gran habitación, y una buhardilla con el tejado totalmente reformado. Cabe destacar la gran inversión que se ha realizado en sustituir el tejado por un tejado totalmente reformado en muy buenas condiciones. ¡OPORTUNIDAD! ¡No dudes en venir a verla porque puede ser lo que estas buscando! Además te recordamos que te ayudamos con la financiación de la vivienda gracias a nuestro departamento financiero KIRON. Hasta el 100% de la hipoteca. INFÓRMATE SIN NINGÚN TIPO DE COMPROMISO EN NUESTRA OFICINA O LLÁMANOS AL TELÉFONO QUE APARECE EN EL ANUNCIO.",False,renew,False,157.0,"{'typology': 'chalet', 'subTypology': 'semidetachedHouse'}","{'subtitle': 'Horche', 'title': 'Chalet pareado en vallejo'}",False,False,False,False,{'groupDescription': 'Destacado'},False,False,,,,,,,,
1,1,103051720,https://img3.idealista.com/blur/WEB_LISTING/0/id.pro.es.image.master/64/f5/c7/1176405725.jpg,22,136500.0,flat,sale,38.0,1,1,Plaza Barbatain,Madrid,Madrid,es,40.3768727,-3.7376675,False,https://www.idealista.com/inmueble/103051720/,7136,"Piso a estrenar de un dormitorio en Plaza Barbatain. Vivienda localizada en un edificio con ascensor ubicado en Plaza Barbataín, dentro de una zona tranquila y bien comunicada.  Con una superficie construida aproximada de 38 m2 distribuida en salón-comedor, cocina, un dormitorio y un baño A destacar: -Incluido en el precio plaza de parking y trastero. -Urbanización con piscina comunitaria. -Aire acondicionado con bomba de frío y calor de uso individual -Cocina amueblada -Armarios empotrados -Ventanas de aluminio con rotura de puente térmico y cristales tipo climalit -Puerta principal blindada. Además, en el entorno de la zona le brinda la oportunidad de tener al alcance todos los servicios:  -Metro carabanchel y Vistalegre -Palacio de congresos -Zonas verdes EUGENIA DE MONTIJO -Centros de Salud y Hospitales -Colegios e Institutos públicos, concertados y privados -Supermercados-Al lado de la comisaria de policía No pierda la oportunidad de agendar una visita, NO COBRAMOS COMISION AL COMPRADOR.",False,good,False,3592.0,{'typology': 'flat'},"{'subtitle': 'Puerta Bonita, Madrid', 'title': 'Piso en Plaza Barbatain'}",False,False,False,False,,False,False,R0102289-1,4,True,Carabanchel,Puerta Bonita,True,"{'hasParkingSpace': True, 'isParkingSpaceIncludedInPrice': True}",
2,2,102562115,https://img3.idealista.com/blur/WEB_LISTING/0/id.pro.es.image.master/13/26/6b/1159668505.jpg,28,469000.0,flat,sale,148.0,3,2,Calle del Caribe,Madrid,Madrid,es,40.4429196,-3.6563413,False,https://www.idealista.com/inmueble/102562115/,3355,"Agencia inmobiliaria de Madrid zona NUEVO MUNDO - SAN PASCUAL Tecnocasa OFICINA NUEVO MUNDO - SAN PASCUAL: VENTA DE NUDA PROPIEDAD LLAMAR A THOMAS 6 5 4 0 1 4 4 9 9 Estupenda vivienda en una zona excelente. Vivienda de tres dormitorios (4º dormitorio ampliado a la cocina - comedor) salón con terraza amplia hacia con vistas a las zonas comunes, cocina-comedor y dos baños. Terraza abierta con preciosas vistas hacia el jardín. La vivienda es exterior tanto habitaciones como cocina, salón. La cocina se encuentra totalmente reformada, amueblada y equipada. El luminoso salón-comedor con estancias totalmente diferenciadas, de orientación Sur-Este. Calefacción individual de Gas Natural, ventanas de climalit, suelos de parqué, pintura lisa en toda la vivienda y edificio con dos ascensores y un monta cargas. Portero físico de lunes a viernes y los fines de semana, gimnasio, sauna, cuarto de bicicletas, salón-local para eventos, fiestas y reuniones comunitarias. Muy bien comunicada con la red de autobuses, metro, parada de taxi, y con acceso en un minuto a las M-30, una de las principales vías de la ciudad.",False,good,False,3169.0,{'typology': 'flat'},"{'subtitle': 'San Pascual, Madrid', 'title': 'Piso en Calle del Caribe'}",False,False,False,False,,False,False,NUEVO MUNDO 1,5,True,Ciudad Lineal,San Pascual,True,,
3,3,92701959,https://img3.idealista.com/blur/WEB_LISTING/0/id.pro.es.image.master/a2/1b/aa/1151017319.jpg,2,138000.0,flat,sale,90.0,3,2,"Calle de Castillejos, 9",Madrid,Madrid,es,40.4560448,-3.7065657,True,https://www.idealista.com/inmueble/92701959/,5602,APROVECHA EL DESCUENTO + GASTOS NOTARIALES GRATIS* Solo hasta el 31/12/2023. *Ver bases legales  . Oportunidad de inversión: pendiente de Posesión. Piso en la localidad de Madrid capital. Cuenta con una superficie de 90 metros cuadrados.,False,good,False,1533.0,{'typology': 'flat'},"{'subtitle': 'Bellas Vistas, Madrid', 'title': 'Piso en Calle de Castillejos, 9'}",False,False,False,False,,False,False,2298##29002339,,,Tetuán,Bellas Vistas,,,
4,4,99368891,https://img3.idealista.com/blur/WEB_LISTING/0/id.pro.es.image.master/e7/4d/32/1041721030.jpg,14,50800.0,chalet,sale,177.0,3,2,Calle Segovia s/n,Toledo,Chozas de Canales,es,40.0926282,-4.0464746,True,https://www.idealista.com/inmueble/99368891/,48004,"Casa en la provincia de Toledo, en el municipio de Chozas de canales, en la calle CLSEGOVIA.",False,good,False,287.0,{'typology': 'chalet'},"{'subtitle': 'Chozas de Canales', 'title': 'Chalet en Calle Segovia s/n'}",False,False,False,False,,False,False,0045536874,,,,,,,
5,5,102934648,https://img3.idealista.com/blur/WEB_LISTING/0/id.pro.es.image.master/c7/69/08/1172301682.jpg,8,91000.0,flat,sale,102.0,1,1,Centro - Casco Histórico,Madrid,San Lorenzo de El Escorial,es,40.5944721,-4.1479799,False,https://www.idealista.com/inmueble/102934648/,45151,"GARSIERRA. Espacioso piso en San Lorenzo de El Escorial, Madrid, idóneo para parejas. La vivienda consta de 102 m² construidos distribuidos en una habitación, salón-comedor, cocina y un aseo. Ubicado en el sótano del edificio, sin ascensor. Está ubicado en el corazón de San Lorenzo de El Escorial, en sus alrededores encontramos la Escuela de Educación Infantil Trébol, supermercados, bancos, bibliotecas, farmacias, oficinas de correos y varias paradas de autobús. Cuenta con fácil acceso a C. las Pozas.",False,good,False,892.0,{'typology': 'flat'},"{'subtitle': 'Centro - Casco Histórico, San Lorenzo de El Escorial', 'title': 'Piso'}",False,False,False,False,,False,False,SAN LORENZO,bj,True,Centro - Casco Histórico,,False,,
6,6,101491782,https://img3.idealista.com/blur/WEB_LISTING/0/id.pro.es.image.master/91/27/a6/1123757409.jpg,80,1225000.0,chalet,sale,1250.0,9,8,"Calle asturias, 21",Madrid,Villaviciosa de Odón,es,40.357399,-3.8754036,True,https://www.idealista.com/inmueble/101491782/,18570,"S15 Real Estate comercializa en EXCLUSIVA, SIN COMISIONES PARA EL COMPRADOR, esta espléndida propiedad en la Urbanización de Campondón, Villaviciosa de Odón.,  Propiedad construida sobre una estupenda parcela de 4000m2, que cuenta con dos chalet independientes, piscina, pista de tenis, una fantástica barbacoa, zona ajardinada muy arbolada, y perfectamente consolidada. La casa principal cuenta con un total de 1.105m2 construidos, su precio 1.225.000€, La otra casa, con un total de 150 m2, su precio 725.000€ La casa principal dispone de tres plantas, con la siguiente distribución, Planta sótano encontramos amplio distribuidor desde el que accedemos por un lado a un fantástico salón con bodega, zona de juego con mesa de billar, aseo y un dormitorio con zona de estar y baño. Por otro lado, a dos dormitorios con baño y por último a un amplio garaje con zona de trastero. Planta principal, dispone de una terraza cubierta con arcada perimetral. Accedemos a la vivienda encontrando un elegante recibidor con armario gabanero y puerta acristalada que da acceso a un amplio salón comedor, dispuesto en dos alturas, por un lado, zona de comedor y por otro, zona de estar con chimenea.  Continuamos y accedemos a la cocina, totalmente reformada, que dispone de zona de office, salón comedor, con cuarto despensa, zona de lavado y planchado. En esta zona, junto al cuarto de plancha, encontramos un dormitorio de servicio con baño. Regresamos al Salón-comedor donde encontrando a la derecha una zona independiente, con dos dormitorios, dos baños, pequeña cocina y un precioso salón con chimenea al que se puede acceder, de forma independiente, desde la entrada principal. Subimos a la primera planta, distribuidor y zona de dormitorios. Dormitorio principal con baño completo en suite, vestidor y terraza. Otros dos dormitorios, un baño completo, terraza y zona vestidor. La construcción es de cimentación en zanja corrida, muros de ladrillo macizo y estructura de acero laminado, formados de cerámica armada, cubierta de teja curva. Ultima reforma realizada en 2011. La segunda casa, totalmente reformada, dispone de dos plantas.  Se trata de una propiedad con una fantástica luminosidad gracias al acristalamiento que rodea la planta principal.  La planta principal, es la planta alta de la vivienda, cuenta con un salón totalmente acristalado y con chimenea. Baño con ducha, cocina y estancia que actualmente es un despacho. La planta inferior, que da acceso al jardín y pista de tenis, encontramos zona de lavandería, un dormitorio, y el dormitorio principal con amplio baño en suite. Toda la vivienda dispone de ventanas de seguridad, con persianas eléctricas. Aire acondicionado independiente en las dos plantas. Luces regulables en toda la vivienda. La zona exterior encontramos un precioso jardín con piscina en perfecto estado, zona de barbacoa con mesas de piedra en zona ajardinada. Pista de tenis.   Amplio garaje semicubierto para unos 8 coches, con puerta de acceso automática. Se trata de una propiedad con muchas posibilidades, exclusiva en la lujosa urbanización de Campodón, en Villaviciosa de Odón, que se encuentra a tan sólo 15 minutos del centro de Madrid. Esta urbanización dispone de todos los servicios principales a mano, supermercados, centro de salud, hospitales públicos y privado, colegios, universidades, restaurantes, centros comerciales, farmacias, centros de salud y centros deportivos.  Bosque Forestal que une con la senda del Castillo preciosa zona natural y protegida.",True,good,False,980.0,"{'typology': 'chalet', 'subTypology': 'independantHouse'}","{'subtitle': 'Castillo - Campodón, Villaviciosa de Odón', 'title': 'Casa independiente en Calle asturias, 21'}",True,False,True,False,,False,False,,,,Castillo - Campodón,,,"{'hasParkingSpace': True, 'isParkingSpaceIncludedInPrice': True}","[{'name': 'villaType', 'text': 'Villa'}]"
7,7,99767067,https://img3.idealista.com/blur/WEB_LISTING/0/id.pro.es.image.master/2c/a5/5a/1172117334.jpg,1,73700.0,duplex,sale,82.0,2,1,Centro,Madrid,Arganda,es,40.3029476,-3.4459013,False,https://www.idealista.com/inmueble/99767067/,22623,"Oportunidad sólo para inversores. El activo se encuentra ocupado por persona sin justo título. Debido al estado ocupacional del activo, no se pueden realizar visitas al mismo.Vivienda estilo dúplex en venta de 2 dormitorios en la localidad de Arganda del Rey, provincia de Madrid. Situada a 10 minutos del Ayuntamiento de la localidad con buenas comunicaciones tanto por transporte público (autobuses líneas 1, 2, 285, 313, metro línea 9), como por privado, con fácil acceso a las carreteras N-III, R-3 y A-3 en pocos minutos. La zona está dotada de todos los equipamientos, centro comercial Zoco, colegios, hospital universitario del sureste, centros oficiales, etc.)La vivienda fue construida en 1961, tiene una superficie de 82 m² distribuidos en salón-comedor, cocina amueblada, 2 dormitorios y 1 baño. Con los servicios de Solvia podrá encontrar la vivienda que necesita y asegurar su inversión con el mejor de los asesoramientos especializados. Empiece ahora mismo pidiendo más información. Un responsable cercano a usted le atenderá personalmente. El inmueble se encuentra ocupado ilegalmente por terceros y sin los suministros debidamente contratados. Si a fecha de venta el vendedor hubiese demandado judicialmente la ocupación, podrá el adquirente subrogarse en dicha demanda, no pudiendo reclamar importe alguno al vendedor como consecuencia de ello, salvo por los honorarios de abogados y procuradores que hasta la fecha de la transmisión se hubiesen devengado que, en cualquier caso, serán por cuenta de éste. Si en la fecha de venta, el vendedor hubiese interpuesto una denuncia penal, que se encontrase en curso, se comunicará al Juzgado la venta, apartándose el vendedor del procedimiento como acusación particular. El estado de ocupación y/o los impedimentos para que el inmueble pueda ser visitado libremente por los técnicos impiden i) su tasación oficial conforme exige la Orden ECO/805/2003, de 27 de marzo, por lo que el inmueble, mientras perdure la situación, no podrá ser hipotecado. En consecuencia, no podrá constituirse financiación hipotecaria sobre este tipo de fincas, cuya adquisición requerirá el otorgamiento de otro tipo de garantías en caso de solicitarse financiación y ii) la obtención por parte de la propiedad del certificado de eficiencia energética (en el caso de que el activo lo requiera). Se recomienda que el comprador obtenga asesoramiento profesional antes de adoptar la decisión de compra., El inmueble se encuentra ocupado ilegalmente por terceros y sin los suministros debidamente contratados. Si a fecha de venta el vendedor hubiese demandado judicialmente la ocupación, podrá el adquirente subrogarse en dicha demanda, no pudiendo reclamar importe alguno al vendedor como consecuencia de ello, salvo por los honorarios de abogados y procuradores que hasta la fecha de la transmisión se hubiesen devengado que, en cualquier caso, serán por cuenta de éste. Si en la fecha de venta, el vendedor hubiese interpuesto una denuncia penal, que se encontrase en curso, se comunicará al Juzgado la venta, apartándose el vendedor del procedimiento como acusación particular. El estado de ocupación y/o los impedimentos para que el inmueble pueda ser visitado libremente por los técnicos impiden i) su tasación oficial conforme exige la Orden ECO/805/2003, de 27 de marzo, por lo que el inmueble, mientras perdure la situación, no podrá ser hipotecado. En consecuencia, no podrá constituirse financiación hipotecaria sobre este tipo de fincas, cuya adquisición requerirá el otorgamiento de otro tipo de garantías en caso de solicitarse financiación y ii) la obtención por parte de la propiedad del certificado de eficiencia energética (en el caso de que el activo lo requiera). Se recomienda que el comprador obtenga asesoramiento profesional antes de adoptar la decisión de compra.",False,good,False,899.0,"{'typology': 'flat', 'subTypology': 'duplex'}","{'subtitle': 'Centro, Arganda', 'title': 'Dúplex'}",False,False,False,False,,False,False,CG-71213-0001,bj,,Centro,,False,,
8,8,99327208,https://img3.idealista.com/blur/WEB_LISTING/0/id.pro.es.image.master/a1/e2/67/1040450343.jpg,16,79000.0,duplex,sale,120.0,2,2,Paseo de Aranjuez,Toledo,Yepes,es,39.9033362,-3.6163129,False,https://www.idealista.com/inmueble/99327208/,57003,"ADAIX YEPES VENDE ESTE Espectacular ático duplex De 2 dormitorios con 120m2 Dormitorio matrimonio en planta baja, Junto a cocina independiente, salón con terraza y un baño. Planta de arriba 2 dormitorios con vista al campo y otro baño, terraza ático arriba con mosquiteras. Caldera recién comprada de Yunker con tique de compra y garantía nueva. Totalmente Amueblado y con armarios empotrados lámparas nuevas vitrocerámica nueva bosh, horno lavadora lavavajillas. Cama empotrables una y otra matrimonio.  Piscina y jardín.  CON FINANCIACIÓN 100x100+ GASTOS solo con tu nómina y si AVALES. Ubicación: se encuentra a 10 minutos de Aranjuez Y a solo 35 minutos de Madrid con excelentes comunicaciones con la A_4 Además el municipio cuenta con una línea de autobuses con estas localidades. Dispone de centros educativos (I. E. S Carpetania, C. P Juan de YEPES) instalaciones deportivas(Polideportivo municipal, campo de fútbol, Piscina, Municipal) y centro sanitario (Centro de Salud de Yepes). TENEMOS CASAS PARA TODOS LOS BOLSILLOS  Pide más información por privado sin compromiso.  DONDE ESTAMOS �Calle hospital nuevo n 1 (YEPES)�.",False,good,False,658.0,"{'typology': 'flat', 'subTypology': 'duplex'}","{'subtitle': 'Yepes', 'title': 'Dúplex en Paseo de Aranjuez'}",False,False,False,False,,False,False,,1,True,,,True,,
9,9,98770838,https://img3.idealista.com/blur/WEB_LISTING/0/id.pro.es.image.master/0a/35/a1/1105613365.jpg,1,349000.0,flat,sale,57.0,2,1,Calle José Antonio s/n,Toledo,Ciruelos,es,39.9374071,-3.6157255,True,https://www.idealista.com/inmueble/98770838/,53231,"Obra paralizada-18 unidades en la provincia de Toledo, en el municipio de Ciruelos, en la calle JOSE ANTONIO. CON INCIDENCIA: OBRA PARALIZADA.",False,good,False,6123.0,{'typology': 'flat'},"{'subtitle': 'Ciruelos', 'title': 'Piso en Calle José Antonio s/n'}",False,False,False,False,,False,False,LT49714978,,,,,,,
10,10,98008276,https://img3.idealista.com/blur/WEB_LISTING/0/id.pro.es.image.master/9c/0c/2f/1139446995.jpg,1,66700.0,flat,sale,70.0,2,1,Calle José del Pino Jiménez s/n,Madrid,Madrid,es,40.3454308,-3.7143206,True,https://www.idealista.com/inmueble/98008276/,8564,"Piso en madrid capital, en la calle cljose del pino jimenez.",False,good,False,953.0,{'typology': 'flat'},"{'subtitle': 'Villaverde Alto, Madrid', 'title': 'Piso en Calle José del Pino Jiménez s/n'}",False,False,False,False,,False,False,0046862493,,,Villaverde,Villaverde Alto,,,
11,11,96203141,https://img3.idealista.com/blur/WEB_LISTING/0/id.pro.es.image.master/c1/d8/df/940236797.jpg,17,57200.0,chalet,sale,193.0,6,2,Noblejas,Toledo,Noblejas,es,39.9769931,-3.4396305,False,https://www.idealista.com/inmueble/96203141/,52400,"Casa de 194 m², de 6 dormitorios y 2 baños, en venta en la localidad de Noblejas, Toledo. La vivienda se sitúa en el núcleo urbano de la población, siendo su principal vía de comunicación la carretera N-400. Ofrece conexión mediante transporte público al estar a pocos metros de la estación de tren. En la población podemos encontrar servicios como supermercados, restaurantes, instalaciones deportivas, centros educativos, oficinas bancarias, otros negocios comerciales, etc. Cerca del ayuntamiento y del Centro de Salud. Se trata de una casa adosada de 194 m² distribuidos en salón-comedor, cocina, 6 dormitorios y 2 baños. Con nuestros servicios podrá encontrar la vivienda que necesita y asegurar su inversión con el mejor de los asesoramientos especializados. Empiece ahora mismo pidiendo más información. Un responsable cercano a usted le atenderá personalmente.",False,good,False,296.0,{'typology': 'chalet'},"{'subtitle': 'Noblejas', 'title': 'Chalet'}",False,False,False,False,,False,False,A0-99520-0001,,,,,,,
12,12,100281071,https://img3.idealista.com/blur/WEB_LISTING/0/id.pro.es.image.master/02/7b/96/1089961539.jpg,6,75000.0,flat,sale,605.0,5,3,"Calle Escarchada, 25",Madrid,Belmonte de Tajo,es,40.1344792,-3.3379556,True,https://www.idealista.com/inmueble/100281071/,41938,"SegundoB comercializa en exclusiva y sin comisión de agencia este edificio de 606m2 en Belmonte de Tajo, Madrid. Fantástica promoción de 14 pisos en construcción en la localidad de Belmonte de Tajo. Situada en el interior de la población, cuenta con estupendos accesos tanto a la carretera principal del municipio, como a la M-404 con acceso directo a la A3, a tan solo 10 minutos de localidades como Chinchon y Colmenar de Oreja, hace que la comunicación sea excelente. Podrás disfrutar de la tranquilidad que te ofrece un pueblo tranquilo de 1700 habitantes, pero a su vez, con una gran actividad. Dispone de transporte publico y todo tipo de comercios como bares, restaurantes, bazares, tiendas, supermercados y monumentos históricos,  Esta obra parada tiene una construcción realizada de un 10.20%, de la que poseemos el 88% de la propiedad (14 viviendas). El edificio esta constituido por 16 viviendas y 16 plazas de garaje. Con una edificabilidad de 4 plantas, 1 bajo rasante y 3 sobre rasante. No dejes pasar esta oportunidad y contacta con nosotros. Te informaremos sin ningún compromiso.",False,renew,False,124.0,{'typology': 'flat'},"{'subtitle': 'Belmonte de Tajo', 'title': 'Piso en Calle Escarchada, 25'}",False,False,False,False,,False,False,1066958/1,,True,,,,,
13,13,102773659,https://img3.idealista.com/blur/WEB_LISTING/0/id.pro.es.image.master/ea/b0/7c/1166831536.jpg,1,1370000.0,flat,sale,258.0,5,3,Calle de Serrano,Madrid,Madrid,es,40.4546242,-3.680156,False,https://www.idealista.com/inmueble/102773659/,4565,"Ponemos a su disposición una gran oportunidad para situarse en una de las zonas más cotizadas de Madrid.  Se trata de un piso completamente exterior de grandes dimensiones en la zona alta de Serrano entre Concha Espina y Príncipe de Vergara.  Cuenta con numerosas estancias según se quieran distribuir y sobretodo con gran amplitud, espacios grandes y todas las posibilidades de hacerlo a su gusto.  Es una vivienda con zona de servicio, una plaza de garaje, un jardín grande con zonas verdes para uso y disfrute de las personas del edificio, y con todas las ventajas de estar en una de las mejores calles de Madrid, pero con las conexiones y buena ubicación que tiene esta zona. Lo ponemos a su disposición en exclusiva y sin coste de agencia.  No dude en solicitar información, le ayudamos con los tramites administrativos, fiscales y con el proyecto de reforma.",False,renew,False,5310.0,{'typology': 'flat'},"{'subtitle': 'Bernabéu-Hispanoamérica, Madrid', 'title': 'Piso en Calle de Serrano'}",False,False,False,False,,False,False,,3,True,Chamartín,Bernabéu-Hispanoamérica,True,"{'hasParkingSpace': True, 'isParkingSpaceIncludedInPrice': True}",
14,14,98703219,https://img3.idealista.com/blur/WEB_LISTING/0/id.pro.es.image.master/c2/b6/e2/1021025685.jpg,4,32000.0,flat,sale,72.0,3,1,Calle Francisco de Medina y Mendoza s/n,Guadalajara,Cabanillas del Campo,es,40.6283925,-3.2213835,True,https://www.idealista.com/inmueble/98703219/,44714,"Piso en la provincia de guadalajara, en el municipio de cabanillas del campo, en la calle clfrancisco medina y mendoz. Con incidencias: inmueble okupado-no visitable.",False,good,False,444.0,{'typology': 'flat'},"{'subtitle': 'Cabanillas del Campo', 'title': 'Piso en Calle Francisco de Medina y Mendoza s/n'}",False,False,False,False,,False,False,0050110556,,,,,,,
15,15,101962077,https://img3.idealista.com/blur/WEB_LISTING/0/id.pro.es.image.master/c9/af/da/1139526735.jpg,12,50000.0,flat,sale,80.0,2,1,Calle José Peña,Toledo,Ocaña,es,39.9524606,-3.4958492,False,https://www.idealista.com/inmueble/101962077/,53434,"Investment Group10 vende una vivienda situada en edificio Plurifamiliar en altura de 5 plantas, una de ellas bajo rasante donde se ubican los garajes y trasteros, zonas comunes de tránsito en el municipio de Ocaña en la provincia de Toledo. La vivienda esta distribuida en salón con cocina, 2 dormitorios y 1 baño. El municipio se encuentra situado ""al extremo N. de la llanura llamada Mesa de Ocaña, linda con los términos municipales de Aranjuez al noroeste en la provincia de Madrid, Ontígola al norte, Noblejas al este, Villatobas al sureste, Dosbarrios, Cabañas de Yepes y Huerta de Valdecarábanos al sur y Yepes y Ciruelos al oeste, en la de Toledo. Este inmueble cuenta con plaza de garaje y trastero incluido en el precio. Si necesita más información no dude en llamarnos al: // ¡ESTAREMOS ENCANTADOS DE ATENDERL@S! (También atendemos vía WhatsApp).",False,good,False,625.0,{'typology': 'flat'},"{'subtitle': 'Puerta de Murcia - Colegios, Ocaña', 'title': 'Piso en Calle José Peña'}",False,False,False,False,,False,False,UCJ-LT49736776,2,True,Puerta de Murcia - Colegios,,True,"{'hasParkingSpace': True, 'isParkingSpaceIncludedInPrice': True}",
16,16,94806759,https://img3.idealista.com/blur/WEB_LISTING/0/id.pro.es.image.master/fe/3c/3f/1089230541.jpg,45,24500.0,chalet,sale,160.0,3,1,"Cuesta Derrumbaderos, 16",Toledo,Noblejas,es,39.9801232,-3.4428856,True,https://www.idealista.com/inmueble/94806759/,51974,"SegundoB comercializa esta casa a reformar en Noblejas, Toledo. Se trata de una vivienda de dos plantas con 3 dormitorios, bodega y un pequeño patio Una vivienda para rehabilitar y disfrutar como segunda residencia en un precioso pueblo de Toledo No dude en informarse y conseguir su mejor precio con SegundoB Rea Estate.",False,good,False,153.0,{'typology': 'chalet'},"{'subtitle': 'Noblejas', 'title': 'Chalet en Cuesta Derrumbaderos, 16'}",False,False,False,False,,False,False,XE60577945,,,,,,,
17,17,101961445,https://img3.idealista.com/blur/WEB_LISTING/0/id.pro.es.image.master/b0/93/7b/1139506828.jpg,12,35000.0,flat,sale,56.0,1,1,Jose María Peña,Toledo,Ocaña,es,39.9559511,-3.4983367,False,https://www.idealista.com/inmueble/101961445/,53003,"Investment Group10 vende una vivienda situada en edificio Plurifamiliar en altura de 5 plantas, una de ellas bajo rasante donde se ubican los garajes y trasteros, zonas comunes de tránsito en el municipio de Ocaña en la provincia de Toledo. La vivienda esta distribuida en salón con cocina, 2 dormitorios y 1 baño. El municipio se encuentra situado ""al extremo N. de la llanura llamada Mesa de Ocaña, linda con los términos municipales de Aranjuez al noroeste en la provincia de Madrid, Ontígola al norte, Noblejas al este, Villatobas al sureste, Dosbarrios, Cabañas de Yepes y Huerta de Valdecarábanos al sur y Yepes y Ciruelos al oeste, en la de Toledo. Si necesita más información no dude en llamarnos al: // ¡ESTAREMOS ENCANTADOS DE ATENDERL@S! (También atendemos vía WhatsApp).",False,good,False,625.0,{'typology': 'flat'},"{'subtitle': 'Puerta de Murcia - Colegios, Ocaña', 'title': 'Piso en Jose María Peña'}",False,False,False,False,,False,False,UCJ-0049736678,1,True,Puerta de Murcia - Colegios,,True,"{'hasParkingSpace': True, 'isParkingSpaceIncludedInPrice': False, 'parkingSpacePrice': 2000.0}",
18,18,100662037,https://img3.idealista.com/blur/WEB_LISTING/0/id.pro.es.image.master/57/5f/80/1094963630.jpg,17,92000.0,flat,sale,61.0,3,1,LEGANES,Madrid,Humanes de Madrid,es,40.2571475,-3.8260982,False,https://www.idealista.com/inmueble/100662037/,21962,"Piso de 61 m², de 3 dormitorios y 1 baños, en venta en Humanes de Madrid. La vivienda se sitúa en el núcleo de la población, teniendo buenos accesos por carretera. También ofrece conexión por transporte público al estar cerca de varias paradas de autobús y de la estación de tren. En la población podemos encontrar servicios como supermercados, restaurantes, instalaciones deportivas, centros educativos, oficinas bancarias, otros negocios comerciales, etc. Cerca de la galería comercial Alarcón. Se trata de un piso de 61 m² distribuidos en salón-comedor, cocina, balcón, 3 dormitorios y 1 baños. Por todo ello, la convierten en una propuesta inteligente y una estupenda opción para construir un hogar y entrar a vivir de inmediato. Inmueble en Oferta Periodo de Transparencia hasta el próximo 10 octubre.",False,renew,False,1508.0,{'typology': 'flat'},"{'subtitle': 'Humanes de Madrid', 'title': 'Piso en Leganes'}",False,False,False,False,,False,False,3HUMANES00936LEGANES,3,True,,,False,,
19,19,97937556,https://img3.idealista.com/blur/WEB_LISTING/0/id.pro.es.image.master/c1/88/12/1063513999.jpg,2,28600.0,flat,sale,50.0,2,1,Yeles,Toledo,Yeles,es,40.12057,-3.80346,False,https://www.idealista.com/inmueble/97937556/,34596,"Piso en la provincia de toledo, en el municipio de yeles, en la calle cllavaderos. Con incidencias: inmueble okupado-no visitable.",False,good,False,572.0,{'typology': 'flat'},"{'subtitle': 'Yeles', 'title': 'Piso'}",False,False,False,False,,False,False,0049748095,,,,,,,
20,20,99771785,https://img3.idealista.com/blur/WEB_LISTING/0/id.pro.es.image.master/04/11/6b/1054108584.jpg,17,92000.0,flat,sale,61.0,3,1,Humanes de Madrid,Madrid,Humanes de Madrid,es,40.2578234,-3.8263388,False,https://www.idealista.com/inmueble/99771785/,21914,"Piso de 61 m², de 3 dormitorios y 1 baños, en venta en Humanes de Madrid. La vivienda se sitúa en el núcleo de la población, teniendo buenos accesos por carretera. También ofrece conexión por transporte público al estar cerca de varias paradas de autobús y de la estación de tren. En la población podemos encontrar servicios como supermercados, restaurantes, instalaciones deportivas, centros educativos, oficinas bancarias, otros negocios comerciales, etc. Cerca de la galería comercial Alarcón. Se trata de un piso de 61 m² distribuidos en salón-comedor, cocina, balcón, 3 dormitorios y 1 baños. Por todo ello, la convierten en una propuesta inteligente y una estupenda opción para construir un hogar y entrar a vivir de inmediato. Con los servicios de Solvia podrá encontrar la vivienda que necesita y asegurar su inversión con el mejor de los asesoramientos especializados. Empiece ahora mismo pidiendo más información. Un responsable cercano a usted le atenderá personalmente.",False,good,False,1508.0,{'typology': 'flat'},"{'subtitle': 'Humanes de Madrid', 'title': 'Piso'}",False,False,False,False,,False,False,CI-00936-0001,3,,,,False,,
21,21,102752728,https://img3.idealista.com/blur/WEB_LISTING/0/id.pro.es.image.master/55/b6/50/1166506416.jpg,18,1100000.0,flat,sale,130.0,3,2,barrio Nuevos Ministerios-Ríos Rosas,Madrid,Madrid,es,40.4401053,-3.6993799,False,https://www.idealista.com/inmueble/102752728/,3827,"Moro Real Estate pone a la venta este inmueble único, situado en la zona más cotizada del Barrio de Ríos Rosas, a pocos metros del Paseo de La Castellana.  Ubicado en la tercera planta de un edificio de los años 30 con orientación norte, la vivienda está situada en un edificio representativo con techos altos y es totalmente exterior con 2 balcones en su fachada. El piso, recién reformado de diseño, cuenta con 130 metros cuadrados perfectamente distribuidos en zonas de salón- comedor, cocina y tres dormitorios con dos baños y una zona de lavandería independiente además de una gran capacidad de almacenaje. Una acogedora y muy luminosa vivienda por sus balcones a la calle que está totalmente amueblada y dispone de electrodomésticos de alta gama.  El inmueble está recién reformado y amueblado con materiales de primera calidad. Cuenta con portero físico y ascensor. Luminosidad, elegancia y comodidad es lo que le caracteriza. Moro Real Estate, somos una boutique inmobiliaria especializada en vivienda de lujo en zonas prime. Ofrecemos un servicio exclusivo donde prima la confidencialidad y el trato personalizado. Te acompañaremos en la búsqueda de tu vivienda soñada.",False,good,False,8462.0,{'typology': 'flat'},"{'subtitle': 'Nuevos Ministerios-Ríos Rosas, Madrid', 'title': 'Piso'}",True,False,False,False,,False,False,,3,True,Chamberí,Nuevos Ministerios-Ríos Rosas,True,,
22,22,98516238,https://img3.idealista.com/blur/WEB_LISTING/0/id.pro.es.image.master/80/ed/5d/1042500886.jpg,35,1100000.0,chalet,sale,829.0,4,3,Carretera de Galapagar a Navata,Madrid,Galapagar,es,40.5928779,-3.9876024,False,https://www.idealista.com/inmueble/98516238/,33436,"Se vende fantástica parcela con casa para reformar o demoler.  Diseño de la vivienda del arquitecto Javier Carbajal y ejecutado por uno de sus alumnos. 6.200m2 de terreno.  Construidos unos 400 m2 de casa en planta y semisotano de otros 400 y pico m2. Tiene una edificación de un honor asador.  Piscina, pista de tenis, se pueden construir otros 2 chalets más por la distribución actual, la parcela minima de construcción es de 1.000m2 para unifamilares, un total de 4 unifamiliares independientes. Los honorarios de agencia los paga el comprador.  La vivienda necesita una reforma integral.",False,renew,False,1327.0,"{'typology': 'chalet', 'subTypology': 'independantHouse'}","{'subtitle': 'La Navata, Galapagar', 'title': 'Casa independiente en Carretera de Galapagar a Navata'}",False,False,False,False,,False,False,,,,La Navata,,,"{'hasParkingSpace': True, 'isParkingSpaceIncludedInPrice': True}","[{'name': 'villaType', 'text': 'Villa'}]"
23,23,97185486,https://img3.idealista.com/blur/WEB_LISTING/0/id.pro.es.image.master/5d/5c/24/969313807.jpg,2,121500.0,flat,sale,121.0,4,1,Noreste,Madrid,Torrejón de Ardoz,es,40.4672608,-3.4578722,False,https://www.idealista.com/inmueble/97185486/,18832,"No cobramos comisión al comprador. - INMUEBLE OCUPADO. Piso en Planta baja. En edificio con Ascensor.    Inmueble de 121 m2, que se distribuye en varias dependencias y servicios.    Junto a varios parques y próximo a todo tipo de comercios, servicios, paradas de autobús, varios colegios y al Centro de Salud. A 1 km del Hospital Universitario de Torrejón, así como de las cercanías de Soto del Henares.  Buena conexión con la Autovía del Nordeste y a 5 minutos en coche de la Autovía M-50.    Llame ahora para conocer más información sobre la vivienda. - No cobramos comisión al comprador. - LA PROPIEDAD NO GARANTIZA LA DISPONIBILIDAD DE ACCESO A LA FINCA, PUDIENDO ESTAR OCUPADA POR TERCERO SIN TITULO.",False,good,False,1004.0,{'typology': 'flat'},"{'subtitle': 'Noreste, Torrejón de Ardoz', 'title': 'Piso'}",False,False,False,False,,False,False,fo-10110-1,,True,Noreste,,True,,
24,24,98796920,https://img3.idealista.com/blur/WEB_LISTING/0/id.pro.es.image.master/19/fb/58/1024096511.jpg,21,2000000.0,penthouse,sale,142.0,3,1,Puerta del Sol s/n,Madrid,Madrid,es,40.4169473,-3.7035285,True,https://www.idealista.com/inmueble/98796920/,2911,"20punto20 presenta en exclusiva esta maravillosa y extraordinaria propiedad en el corazón de la Puerta del Sol de Madrid. Se trata de dos fincas en 6ª planta contiguas.  Con un total de 142m2 construidos y más 31 m2 de terraza desde donde admirar la única e inigualable Plaza de la Puerta del Sol de Madrid. Las posibilidades de estas viviendas son infinitas. Para particulares: Pueden distribuir los 142 m2 en una o dos viviendas con una iluminación y unas vistas espectaculares Para inversores: Pueden realizar apartamentos únicos en una zona tan emblemática y rentabilizarlos con retornos de dos dígitos más propios de los mercados financieros. También podría convertirse en la sede o despachos de una gran empresa que desee un enclave único, totalmente privilegiado y con vistas a la preciosa Puerta del Sol, en el km cero de la ciudad de Madrid. Una oportunidad en el mismo km cero de la capital de España con la tranquilidad y seguridad que brinda una zona peatonal y con el Ayuntamiento a un paso. Pudiendo disfrutar de todos los comercios de Gran Vía, de las calle Alcalá, Arenal o Mayor. Zona Puerta del Sol  La Puerta del Sol es una famosa plaza ubicada en el corazón de Madrid, España. Es un lugar emblemático y muy concurrido que desempeña un papel importante en la vida de la ciudad. En esta plaza, se encuentra el famoso ""Kilómetro Cero"", que marca el punto de partida de las carreteras radiales de España. La Puerta del Sol es conocida por su reloj monumental, conocido como el ""Reloj de la Puerta del Sol"", que marca las campanadas de la medianoche en Nochevieja, un evento seguido por millones de personas en todo el país. También alberga varios edificios emblemáticos, como el edificio de la Real Casa de Correos, que ahora sirve como sede del Gobierno de la Comunidad de Madrid, y la estatua del Oso y el Madroño, el símbolo de la ciudad. Esta plaza es un punto de encuentro popular para tanto los madrileños como los visitantes, y es un lugar donde se celebran eventos culturales y políticos importantes. Además, la Puerta del Sol está rodeada de tiendas, restaurantes y bares, lo que la convierte en un lugar animado tanto de día como de noche. En resumen, la Puerta del Sol es un punto neurálgico de Madrid que combina historia, cultura y vida urbana en una ubicación central de la ciudad.",True,renew,False,14085.0,"{'typology': 'flat', 'subTypology': 'penthouse'}","{'subtitle': 'Sol, Madrid', 'title': 'Ático en Puerta del Sol s/n'}",True,False,True,False,{'groupDescription': 'Top'},False,False,ÁTICO PUERTA DEL SOL,6,True,Centro,Sol,True,,
